-- phpMyAdmin SQL Dump
-- version 5.2.0
-- https://www.phpmyadmin.net/
--
-- Host: 127.0.0.1
-- Generation Time: Mar 10, 2024 at 08:31 AM
-- Server version: 10.4.27-MariaDB
-- PHP Version: 8.2.0

SET SQL_MODE = "NO_AUTO_VALUE_ON_ZERO";
START TRANSACTION;
SET time_zone = "+00:00";


/*!40101 SET @OLD_CHARACTER_SET_CLIENT=@@CHARACTER_SET_CLIENT */;
/*!40101 SET @OLD_CHARACTER_SET_RESULTS=@@CHARACTER_SET_RESULTS */;
/*!40101 SET @OLD_COLLATION_CONNECTION=@@COLLATION_CONNECTION */;
/*!40101 SET NAMES utf8mb4 */;

--
-- Database: `pubmanager`
--

-- --------------------------------------------------------

--
-- Table structure for table `category`
--

CREATE TABLE `category` (
  `CatId` varchar(10) DEFAULT NULL,
  `CatName` varchar(100) DEFAULT NULL,
  `Descript` varchar(10) DEFAULT NULL,
  `IsActive` varchar(10) DEFAULT NULL
) ENGINE=InnoDB DEFAULT CHARSET=utf8 COLLATE=utf8_general_ci;

--
-- Dumping data for table `category`
--

INSERT INTO `category` (`CatId`, `CatName`, `Descript`, `IsActive`) VALUES
('C00001    ', 'Rượu vang đỏ                                                                                        ', '', '1'),
('C00002    ', 'Rượu vang trắng                                                                                     ', '', '1         '),
('C00003    ', 'Vang bịch                                                                                           ', '', '1         '),
('C00004    ', 'Rượu vang nổ                                                                                        ', '', '1         '),
('C00005    ', 'Vang hồng                                                                                           ', '', '1         '),
('C00006    ', 'Vang ngọt                                                                                           ', '', '1         '),
('C00007    ', 'Vang Organic                                                                                        ', '', '1         '),
('C00008    ', 'Champagne                                                                                           ', '', '1         '),
('C00009', '123123', '123123', '1');

-- --------------------------------------------------------

--
-- Table structure for table `groupaccount`
--

CREATE TABLE `groupaccount` (
  `groupId` varchar(50) NOT NULL,
  `groupName` varchar(50) NOT NULL,
  `accessLevel` int(3) NOT NULL
) ENGINE=InnoDB DEFAULT CHARSET=utf8mb4 COLLATE=utf8mb4_general_ci;

--
-- Dumping data for table `groupaccount`
--

INSERT INTO `groupaccount` (`groupId`, `groupName`, `accessLevel`) VALUES
('AD-001', 'Admin', 100),
('AD-001', 'User', 50);

-- --------------------------------------------------------

--
-- Table structure for table `paymentmethod`
--

CREATE TABLE `paymentmethod` (
  `PaymentId` varchar(10) DEFAULT NULL,
  `PaymentName` varchar(100) DEFAULT NULL,
  `Descript` varchar(10) DEFAULT NULL
) ENGINE=InnoDB DEFAULT CHARSET=utf8 COLLATE=utf8_general_ci;

--
-- Dumping data for table `paymentmethod`
--

INSERT INTO `paymentmethod` (`PaymentId`, `PaymentName`, `Descript`) VALUES
('P00001    ', 'TIỀN MẶT                                                                                            ', ''),
('P00002    ', 'THẺ                                                                                                 ', ''),
('P00003    ', 'CÔNG NỢ                                                                                             ', '');

-- --------------------------------------------------------

--
-- Table structure for table `permissiongroup`
--

CREATE TABLE `permissiongroup` (
  `permissionId` varchar(10) NOT NULL,
  `manageAccountGroup` tinyint(1) NOT NULL,
  `manageProductGroup` tinyint(1) NOT NULL,
  `manageTaxGroup` tinyint(1) NOT NULL,
  `manageStatistics` tinyint(1) NOT NULL,
  `addAccount` tinyint(1) NOT NULL,
  `editAccount` tinyint(1) NOT NULL,
  `deleteAccount` tinyint(1) NOT NULL,
  `addProduct` tinyint(1) NOT NULL,
  `editProduct` tinyint(1) NOT NULL,
  `deleteProduct` tinyint(1) NOT NULL,
  `addTax` tinyint(1) NOT NULL,
  `editTax` tinyint(1) NOT NULL,
  `deleteTax` tinyint(1) NOT NULL,
  `manageConfirmOrder` tinyint(1) NOT NULL,
  `confirmOrder` tinyint(1) NOT NULL,
  `cancelOrder` tinyint(1) NOT NULL
) ENGINE=InnoDB DEFAULT CHARSET=utf8mb4 COLLATE=utf8mb4_general_ci;

--
-- Dumping data for table `permissiongroup`
--

INSERT INTO `permissiongroup` (`permissionId`, `manageAccountGroup`, `manageProductGroup`, `manageTaxGroup`, `manageStatistics`, `addAccount`, `editAccount`, `deleteAccount`, `addProduct`, `editProduct`, `deleteProduct`, `addTax`, `editTax`, `deleteTax`, `manageConfirmOrder`, `confirmOrder`, `cancelOrder`) VALUES
('100', 0, 0, 0, 0, 0, 0, 0, 0, 0, 0, 0, 0, 0, 0, 0, 0);

-- --------------------------------------------------------

--
-- Table structure for table `product`
--

CREATE TABLE `product` (
  `ProductNum` varchar(10) DEFAULT NULL,
  `ProductName` varchar(100) DEFAULT NULL,
  `Descript` varchar(10) DEFAULT NULL,
  `Price` int(100) DEFAULT NULL,
  `Tax1` varchar(100) DEFAULT NULL,
  `Tax2` varchar(100) DEFAULT NULL,
  `Tax3` varchar(100) DEFAULT NULL,
  `Quan` varchar(100) DEFAULT NULL,
  `IsActive` varchar(10) DEFAULT NULL,
  `CatId` varchar(100) DEFAULT NULL,
  `ImageSource` varchar(1000) DEFAULT NULL
) ENGINE=InnoDB DEFAULT CHARSET=utf8 COLLATE=utf8_general_ci;

--
-- Dumping data for table `product`
--

INSERT INTO `product` (`ProductNum`, `ProductName`, `Descript`, `Price`, `Tax1`, `Tax2`, `Tax3`, `Quan`, `IsActive`, `CatId`, `ImageSource`) VALUES
('P00001    ', 'Rượu vang Chateau Feytit Guillot – Pomerol', '', 2150000, '0', '0', '0', '111', '1', 'C00001', 'https://vangchat.com.vn/wp-content/uploads/2023/01/ruou-vang-do-chateau-feytit-guillot-pomerol.jpg'),
('P00002    ', 'Rượu Vang Roberto Riga Rosso                                                                        ', '', 425000, '0                                                                                        0          ', '0                                                                                                   ', '0                                                                                                   ', '99', '1         ', 'C00001                                                                                              ', 'https://vangchat.com.vn/wp-content/uploads/2022/12/ruou-vang-roberto-riga-rosso.jpg                                                                                                                                                                                                                                                                                                                                                                                                                                                                                                                                                                                                                                                                                                                                                                                                                                                                                                                                                     '),
('P00003    ', 'Rượu vang Odfjell Elusiva                                                                           ', '', 155000, '0                                                                                                   ', '0                                                                                                   ', '0                                                                                                   ', '99', '1         ', 'C00001                                                                                              ', 'https://vangchat.com.vn/wp-content/uploads/2022/12/ruou-vang-odfjell-elusiva.jpg                                                                                                                                                                                                                                                                                                                                                                                                                                                                                                                                                                                                                                                                                                                                                                                                                                                                                                                                                        '),
('P00004    ', 'Rượu vang Odfjell Cauquenes                                                                         ', '', 4500000, '0                                                                                                   ', '0                                                                                                   ', '0                                                                                                   ', '99', '1         ', 'C00001                                                                                              ', 'https://vangchat.com.vn/wp-content/uploads/2022/12/ruou-vang-odfiell-cauguenes.jpg                                                                                                                                                                                                                                                                                                                                                                                                                                                                                                                                                                                                                                                                                                                                                                                                                                                                                                                                                      '),
('P00005    ', 'Rượu vang Emblem Carbernet Sauvignon                                                                ', '', 2180000, '0                                                                                                   ', '0                                                                                                   ', '0                                                                                                   ', '94', '1         ', 'C00001                                                                                              ', 'https://vangchat.com.vn/wp-content/uploads/2022/12/ruou-vang-odfjell-elusiva.jpg                                                                                                                                                                                                                                                                                                                                                                                                                                                                                                                                                                                                                                                                                                                                                                                                                                                                                                                                                        '),
('P00006    ', 'Rượu vang Animo Napa Valley Cabernet Sauvignon                                                      ', '', 3300000, '0                                                                                                   ', '0                                                                                                   ', '0                                                                                                   ', '100                                                                                                 ', '1         ', 'C00001                                                                                              ', 'https://vangchat.com.vn/wp-content/uploads/2022/12/FHF.png                                                                                                                                                                                                                                                                                                                                                                                                                                                                                                                                                                                                                                                                                                                                                                                                                                                                                                                                                                              '),
('P00007    ', 'Rượu vang Chateau Orme Brun Saint emilion Gran Cru                                                  ', '', 1200000, '0                                                                                                   ', '0                                                                                                   ', '0                                                                                                   ', '100                                                                                                 ', '1         ', 'C00001                                                                                              ', 'https://vangchat.com.vn/wp-content/uploads/2022/12/ruou-vang-chateau-orme-brun-saint-emilion-gran-cru.jpg                                                                                                                                                                                                                                                                                                                                                                                                                                                                                                                                                                                                                                                                                                                                                                                                                                                                                                                               '),
('P00008    ', 'Rượu vang Castillo Campollano Tempranillo                                                           ', '', 650000, '0                                                                                                   ', '0                                                                                                   ', '0                                                                                                   ', '100                                                                                                 ', '1         ', 'C00001                                                                                              ', 'https://vangchat.com.vn/wp-content/uploads/2022/12/ruou-vang-castillo-campollano-tempranillo.jpg                                                                                                                                                                                                                                                                                                                                                                                                                                                                                                                                                                                                                                                                                                                                                                                                                                                                                                                                        '),
('P00009    ', 'Rượu vang Castillo Campollano Cabernet Sauvignon                                                    ', '', 650000, '0                                                                                                   ', '0                                                                                                   ', '0                                                                                                   ', '100                                                                                                 ', '1         ', 'C00001                                                                                              ', 'https://vangchat.com.vn/wp-content/uploads/2022/12/ruou-vang-castillo-campollano-cabernet-sauvignon.jpg                                                                                                                                                                                                                                                                                                                                                                                                                                                                                                                                                                                                                                                                                                                                                                                                                                                                                                                                 '),
('P00010    ', 'Rượu vang Ave Imperatore 17 độ                                                                      ', '', 1550000, '0                                                                                                   ', '0                                                                                                   ', '0                                                                                                   ', '100                                                                                                 ', '1         ', 'C00001                                                                                              ', 'https://vangchat.com.vn/wp-content/uploads/2022/12/ruou-vang-ave-imperatore-17-do.jpg                                                                                                                                                                                                                                                                                                                                                                                                                                                                                                                                                                                                                                                                                                                                                                                                                                                                                                                                                   '),
('P00011    ', 'Rượu vang Piano Del Cerro                                                                           ', '', 1500000, '0                                                                                                   ', '0                                                                                                   ', '0                                                                                                   ', '99', '1         ', 'C00001                                                                                              ', 'https://vangchat.com.vn/wp-content/uploads/2022/12/ruou-vang-piano-del-cerro.jpg                                                                                                                                                                                                                                                                                                                                                                                                                                                                                                                                                                                                                                                                                                                                                                                                                                                                                                                                                        '),
('P00012    ', 'Rượu vang Pipoly Zero                                                                               ', '', 780000, '0                                                                                                   ', '0                                                                                                   ', '0                                                                                                   ', '100                                                                                                 ', '1         ', 'C00001                                                                                              ', 'https://vangchat.com.vn/wp-content/uploads/2022/12/ruou-vang-pipoly-zero.jpg                                                                                                                                                                                                                                                                                                                                                                                                                                                                                                                                                                                                                                                                                                                                                                                                                                                                                                                                                            '),
('P00013    ', 'Rượu vang Tufarello Nero Di Troia                                                                   ', '', 735000, '0                                                                                                   ', '0                                                                                                   ', '0                                                                                                   ', '100                                                                                                 ', '1         ', 'C00001                                                                                              ', 'https://vangchat.com.vn/wp-content/uploads/2022/12/ruou-vang-tufarello-nero-di-troia.jpg                                                                                                                                                                                                                                                                                                                                                                                                                                                                                                                                                                                                                                                                                                                                                                                                                                                                                                                                                '),
('P00014    ', 'Rượu vang Pipoly Aglianco Del Vulture                                                               ', '', 690000, '0                                                                                                   ', '0                                                                                                   ', '0                                                                                                   ', '100                                                                                                 ', '1         ', 'C00001                                                                                              ', 'https://vangchat.com.vn/wp-content/uploads/2022/12/ruou-vang-pipoly-aglianco-del-vulture.jpg                                                                                                                                                                                                                                                                                                                                                                                                                                                                                                                                                                                                                                                                                                                                                                                                                                                                                                                                            '),
('P00015    ', 'Rượu vang Cappannera Rosso                                                                          ', '', 560000, '0                                                                                                   ', '0                                                                                                   ', '0                                                                                                   ', '100                                                                                                 ', '1         ', 'C00001                                                                                              ', 'https://vangchat.com.vn/wp-content/uploads/2022/12/ruou-vang-cappannera-rosso.jpg                                                                                                                                                                                                                                                                                                                                                                                                                                                                                                                                                                                                                                                                                                                                                                                                                                                                                                                                                       '),
('P00016    ', 'Rượu vang Castellanovo Negroamaro                                                                   ', '', 890000, '0                                                                                                   ', '0                                                                                                   ', '0                                                                                                   ', '100                                                                                                 ', '1         ', 'C00001                                                                                              ', 'https://vangchat.com.vn/wp-content/uploads/2022/12/ruou-vang-castellanovo-negroamaro.jpg                                                                                                                                                                                                                                                                                                                                                                                                                                                                                                                                                                                                                                                                                                                                                                                                                                                                                                                                                '),
('P00017    ', 'Rượu vang bịch Fat Fish Cabernet Sauvignon                                                          ', '', 595000, '0                                                                                                   ', '0                                                                                                   ', '0                                                                                                   ', '100                                                                                                 ', '1         ', 'C00001                                                                                              ', 'https://vangchat.com.vn/wp-content/uploads/2022/12/ruou-vang-bich-fat-fish-cabernet-sauvignon-2.png                                                                                                                                                                                                                                                                                                                                                                                                                                                                                                                                                                                                                                                                                                                                                                                                                                                                                                                                     '),
('P00018    ', 'Rượu Vang Trovati Rosso Terre Siciliane                                                             ', '', 360000, '0                                                                                                   ', '0                                                                                                   ', '0                                                                                                   ', '100                                                                                                 ', '1         ', 'C00001                                                                                              ', 'https://vangchat.com.vn/wp-content/uploads/2022/12/Ruou-Vang-Trovati-Rosso-Terre-Siciliane.png                                                                                                                                                                                                                                                                                                                                                                                                                                                                                                                                                                                                                                                                                                                                                                                                                                                                                                                                          '),
('P00019    ', 'Rượu vang Puglia Aglianico – Primitivo                                                              ', '', 495000, '0                                                                                                   ', '0                                                                                                   ', '0                                                                                                   ', '100                                                                                                 ', '1         ', 'C00001                                                                                              ', 'https://vangchat.com.vn/wp-content/uploads/2022/12/Ruou-vang-Puglia-Aglianico-Primitivo.png                                                                                                                                                                                                                                                                                                                                                                                                                                                                                                                                                                                                                                                                                                                                                                                                                                                                                                                                             '),
('P00020    ', 'Rượu vang Governo Chianti Duca Di Saragnano                                                         ', '', 565000, '0                                                                                                   ', '0                                                                                                   ', '0                                                                                                   ', '100                                                                                                 ', '1         ', 'C00001                                                                                              ', 'https://vangchat.com.vn/wp-content/uploads/2022/12/Ruou-vang-Puglia-Aglianico-Primitivo.png                                                                                                                                                                                                                                                                                                                                                                                                                                                                                                                                                                                                                                                                                                                                                                                                                                                                                                                                             '),
('P00021    ', 'Rượu vang Santiago Sauvignon Blanc                                                                  ', '', 395000, '0                                                                                                   ', '0                                                                                                   ', '0                                                                                                   ', '100                                                                                                 ', '1         ', 'C00002                                                                                              ', 'https://vangchat.com.vn/wp-content/uploads/2023/02/ruou-vang-santiago-sauvignon-blanc-hand-picked.jpg                                                                                                                                                                                                                                                                                                                                                                                                                                                                                                                                                                                                                                                                                                                                                                                                                                                                                                                                   '),
('P00022    ', 'Rượu vang Odfjell Armador Sauvignon Blanc                                                           ', '', 585000, '0                                                                                                   ', '0                                                                                                   ', '0                                                                                                   ', '100                                                                                                 ', '1         ', 'C00002                                                                                              ', 'https://vangchat.com.vn/wp-content/uploads/2022/12/ruou-vang-odfjell-armador-sauvignon-blanc-1.jpg                                                                                                                                                                                                                                                                                                                                                                                                                                                                                                                                                                                                                                                                                                                                                                                                                                                                                                                                      '),
('P00023    ', 'Rượu vang Pipoly Bianco Basilicata                                                                  ', '', 660000, '0                                                                                                   ', '0                                                                                                   ', '0                                                                                                   ', '100                                                                                                 ', '1         ', 'C00002                                                                                              ', 'https://vangchat.com.vn/wp-content/uploads/2022/12/ruou-vang-pipoly-bianco-basilicata.jpg                                                                                                                                                                                                                                                                                                                                                                                                                                                                                                                                                                                                                                                                                                                                                                                                                                                                                                                                               '),
('P00024    ', 'Rượu vang Sensuale Moscato Di Basilicata                                                            ', '', 450000, '0                                                                                                   ', '0                                                                                                   ', '0                                                                                                   ', '100                                                                                                 ', '1         ', 'C00002                                                                                              ', 'https://vangchat.com.vn/wp-content/uploads/2022/12/ruou-vang-sensuale-moscato-di-basilicata.jpg                                                                                                                                                                                                                                                                                                                                                                                                                                                                                                                                                                                                                                                                                                                                                                                                                                                                                                                                         '),
('P00025    ', 'Rượu vang Rapel Carilisa Moscato Vino Spumate                                                       ', '', 550000, '0                                                                                                   ', '0                                                                                                   ', '0                                                                                                   ', '100                                                                                                 ', '1         ', 'C00002                                                                                              ', 'https://vangchat.com.vn/wp-content/uploads/2022/12/Ruou-vang-Rapel-Carilisa-Moscato-Vino-Spumate.png                                                                                                                                                                                                                                                                                                                                                                                                                                                                                                                                                                                                                                                                                                                                                                                                                                                                                                                                    '),
('P00026    ', 'Rượu vang CF Collefrisio Bianco d’Abruzzo                                                           ', '', 750000, '0                                                                                                   ', '0                                                                                                   ', '0                                                                                                   ', '100                                                                                                 ', '1         ', 'C00002                                                                                              ', 'https://vangchat.com.vn/wp-content/uploads/2022/12/Ruou-vang-CF-Collefrisio-Bianco-dAbruzzo.png                                                                                                                                                                                                                                                                                                                                                                                                                                                                                                                                                                                                                                                                                                                                                                                                                                                                                                                                         '),
('P00027    ', 'Rượu vang Santero Villa Jolanda                                                                     ', '', 545000, '0                                                                                                   ', '0                                                                                                   ', '0                                                                                                   ', '100                                                                                                 ', '1         ', 'C00002                                                                                              ', 'https://vangchat.com.vn/wp-content/uploads/2022/12/Ruou-vang-Santero-Villa-Jolanda.png                                                                                                                                                                                                                                                                                                                                                                                                                                                                                                                                                                                                                                                                                                                                                                                                                                                                                                                                                  '),
('P00028    ', 'Rượu vang Santero Moscato dAsti                                                                     ', '', 545000, '0                                                                                                   ', '0                                                                                                   ', '0                                                                                                   ', '100                                                                                                 ', '1         ', 'C00002                                                                                              ', 'https://vangchat.com.vn/wp-content/uploads/2022/12/Ruou-vang-Santero-Moscato-dAsti.png                                                                                                                                                                                                                                                                                                                                                                                                                                                                                                                                                                                                                                                                                                                                                                                                                                                                                                                                                  '),
('P00029    ', 'Rượu Vang 1502 Da Vinci Romagna Duomo Di Faenza                                                     ', '', 650000, '0                                                                                                   ', '0                                                                                                   ', '0                                                                                                   ', '100                                                                                                 ', '1         ', 'C00002                                                                                              ', 'https://vangchat.com.vn/wp-content/uploads/2022/10/Ruou-Vang-1502-Da-Vinci-Romagna-Duomo-Di-Faenza.jpg                                                                                                                                                                                                                                                                                                                                                                                                                                                                                                                                                                                                                                                                                                                                                                                                                                                                                                                                  '),
('P00030    ', 'Rượu vang Muelle Tortel Sauvignon Blanc                                                             ', '', 385000, '0                                                                                                   ', '0                                                                                                   ', '0                                                                                                   ', '100                                                                                                 ', '1         ', 'C00002                                                                                              ', 'https://vangchat.com.vn/wp-content/uploads/2022/10/Ruou-vang-Muelle-Tortel-Sauvignon-Blanc-1.jpg                                                                                                                                                                                                                                                                                                                                                                                                                                                                                                                                                                                                                                                                                                                                                                                                                                                                                                                                        '),
('P00031    ', 'Rượu vang 70 Miles Chardonnay California                                                            ', '', 575000, '0                                                                                                   ', '0                                                                                                   ', '0                                                                                                   ', '100                                                                                                 ', '1         ', 'C00002                                                                                              ', 'https://vangchat.com.vn/wp-content/uploads/2022/10/1.jpg                                                                                                                                                                                                                                                                                                                                                                                                                                                                                                                                                                                                                                                                                                                                                                                                                                                                                                                                                                                ');
INSERT INTO `product` (`ProductNum`, `ProductName`, `Descript`, `Price`, `Tax1`, `Tax2`, `Tax3`, `Quan`, `IsActive`, `CatId`, `ImageSource`) VALUES
('P00032    ', 'Rượu vang Kunzza Sauvignon Blanc                                                                    ', '', 285000, '0                                                                                                   ', '0                                                                                                   ', '0                                                                                                   ', '100                                                                                                 ', '1         ', 'C00002                                                                                              ', 'https://vangchat.com.vn/wp-content/uploads/2022/09/ruou-vang-kunzza-sauvignon-blanc-1.jpg                                                                                                                                                                                                                                                                                                                                                                                                                                                                                                                                                                                                                                                                                                                                                                                                                                                                                                                                               '),
('P00033    ', 'Rượu vang Chablis Gautheron 1er Cru Vaucoupin                                                       ', '', 1850000, '0                                                                                                   ', '0                                                                                                   ', '0                                                                                                   ', '100                                                                                                 ', '1         ', 'C00002                                                                                              ', 'https://vangchat.com.vn/wp-content/uploads/2022/08/Untitled-1-1.jpg                                                                                                                                                                                                                                                                                                                                                                                                                                                                                                                                                                                                                                                                                                                                                                                                                                                                                                                                                                     '),
('P00034    ', 'Vang Pháp Chateau Terre Blanque Bordeaux                                                            ', '', 300000, '0                                                                                                   ', '0                                                                                                   ', '0                                                                                                   ', '100                                                                                                 ', '1         ', 'C00002                                                                                              ', 'https://vangchat.com.vn/wp-content/uploads/2022/08/s-768x768.jpg                                                                                                                                                                                                                                                                                                                                                                                                                                                                                                                                                                                                                                                                                                                                                                                                                                                                                                                                                                        '),
('P00035    ', 'Rượu vang Bubbles Moscato D’asti                                                                    ', '', 630000, '0                                                                                                   ', '0                                                                                                   ', '0                                                                                                   ', '100                                                                                                 ', '1         ', 'C00002                                                                                              ', 'https://vangchat.com.vn/wp-content/uploads/2022/08/ruou-vang-bubbles-moscato-dasti-2.jpg                                                                                                                                                                                                                                                                                                                                                                                                                                                                                                                                                                                                                                                                                                                                                                                                                                                                                                                                                '),
('P00036    ', 'Rượu vang Pepperjack chardonnay                                                                     ', '', 916000, '0                                                                                                   ', '0                                                                                                   ', '0                                                                                                   ', '100                                                                                                 ', '1         ', 'C00002                                                                                              ', 'https://vangchat.com.vn/wp-content/uploads/2022/08/ruou-vang-pepperjack-chardonnay-6.jpg                                                                                                                                                                                                                                                                                                                                                                                                                                                                                                                                                                                                                                                                                                                                                                                                                                                                                                                                                '),
('P00037    ', 'Rượu vang Roma Bianco Fontana Candida                                                               ', '', 770000, '0                                                                                                   ', '0                                                                                                   ', '0                                                                                                   ', '100                                                                                                 ', '1         ', 'C00002                                                                                              ', 'https://vangchat.com.vn/wp-content/uploads/2022/07/ruou-vang-roma-bianco-fontana-candida.jpg                                                                                                                                                                                                                                                                                                                                                                                                                                                                                                                                                                                                                                                                                                                                                                                                                                                                                                                                            '),
('P00038    ', 'Rượu vang Kia Ora Sauvignon Blanc Marlborough                                                       ', '', 580000, '0                                                                                                   ', '0                                                                                                   ', '0                                                                                                   ', '100                                                                                                 ', '1         ', 'C00002                                                                                              ', 'https://vangchat.com.vn/wp-content/uploads/2022/07/ruou-vang-kia-ora-sauvignon-blanc-marlborough.jpg                                                                                                                                                                                                                                                                                                                                                                                                                                                                                                                                                                                                                                                                                                                                                                                                                                                                                                                                    '),
('P00039    ', 'Rượu vang Tenuta Ulisse Pinot Grigio                                                                ', '', 495000, '0                                                                                                   ', '0                                                                                                   ', '0                                                                                                   ', '100                                                                                                 ', '1         ', 'C00002                                                                                              ', 'https://vangchat.com.vn/wp-content/uploads/2022/06/ruou-vang-tenuta-ulisse-pinot-grigio.jpg                                                                                                                                                                                                                                                                                                                                                                                                                                                                                                                                                                                                                                                                                                                                                                                                                                                                                                                                             '),
('P00040    ', 'Rượu vang Purple Cowboy Trail Boss                                                                  ', '', 650000, '0                                                                                                   ', '0                                                                                                   ', '0                                                                                                   ', '100                                                                                                 ', '1         ', 'C00002                                                                                              ', 'https://vangchat.com.vn/wp-content/uploads/2022/06/ruou-vang-aroma-pinot-grigio.jpg                                                                                                                                                                                                                                                                                                                                                                                                                                                                                                                                                                                                                                                                                                                                                                                                                                                                                                                                                     '),
('P00041    ', 'Rượu vang bịch Fat Fish Cabernet Sauvignon                                                          ', '', 595000, '0                                                                                                   ', '0                                                                                                   ', '0                                                                                                   ', '100                                                                                                 ', '1         ', 'C00003                                                                                              ', 'https://vangchat.com.vn/wp-content/uploads/2022/12/ruou-vang-bich-fat-fish-cabernet-sauvignon-2.png                                                                                                                                                                                                                                                                                                                                                                                                                                                                                                                                                                                                                                                                                                                                                                                                                                                                                                                                     '),
('P00042    ', 'Rượu Vang bịch 1879 Reserva Cabernet Sauvignon                                                      ', '', 480000, '0                                                                                                   ', '0                                                                                                   ', '0                                                                                                   ', '100                                                                                                 ', '1         ', 'C00003                                                                                              ', 'https://vangchat.com.vn/wp-content/uploads/2022/02/vfg.jpg                                                                                                                                                                                                                                                                                                                                                                                                                                                                                                                                                                                                                                                                                                                                                                                                                                                                                                                                                                              '),
('P00043    ', 'Rượu vang bịch Santa Chilena 3l                                                                     ', '', 450000, '0                                                                                                   ', '0                                                                                                   ', '0                                                                                                   ', '100                                                                                                 ', '1         ', 'C00003                                                                                              ', 'https://vangchat.com.vn/wp-content/uploads/2021/10/ruou-vang-bich-santa-chilena-3l.jpg                                                                                                                                                                                                                                                                                                                                                                                                                                                                                                                                                                                                                                                                                                                                                                                                                                                                                                                                                  '),
('P00044    ', 'Rượu Vang Entrecote Merlot Cabernet Sauvignon 3L                                                    ', '', 550000, '0                                                                                                   ', '0                                                                                                   ', '0                                                                                                   ', '100                                                                                                 ', '1         ', 'C00003                                                                                              ', 'https://vangchat.com.vn/wp-content/uploads/2021/09/j14.jpg                                                                                                                                                                                                                                                                                                                                                                                                                                                                                                                                                                                                                                                                                                                                                                                                                                                                                                                                                                              '),
('P00045    ', 'Rượu vang bịch Tavernello Vino Rosso 3L                                                             ', '', 310000, '0                                                                                                   ', '0                                                                                                   ', '0                                                                                                   ', '100                                                                                                 ', '1         ', 'C00003                                                                                              ', 'https://vangchat.com.vn/wp-content/uploads/2020/09/ruou-vang-bich-tavernello-vino-rosso-3l.jpg                                                                                                                                                                                                                                                                                                                                                                                                                                                                                                                                                                                                                                                                                                                                                                                                                                                                                                                                          '),
('P00046    ', 'Vang bịch STONE VALLEY California Zinfandel 3L                                                      ', '', 550000, '0                                                                                                   ', '0                                                                                                   ', '0                                                                                                   ', '100                                                                                                 ', '1         ', 'C00003                                                                                              ', 'https://vangchat.com.vn/wp-content/uploads/2019/07/vang-bich-stone-valley-california-zinfandel.jpg                                                                                                                                                                                                                                                                                                                                                                                                                                                                                                                                                                                                                                                                                                                                                                                                                                                                                                                                      '),
('P00047    ', 'Vang bịch STONE VALLEY Chardonnay 3l                                                                ', '', 493000, '0                                                                                                   ', '0                                                                                                   ', '0                                                                                                   ', '100                                                                                                 ', '1         ', 'C00003                                                                                              ', 'https://vangchat.com.vn/wp-content/uploads/2019/07/vang-bich-stone-valley-chardonnay-3l.jpg                                                                                                                                                                                                                                                                                                                                                                                                                                                                                                                                                                                                                                                                                                                                                                                                                                                                                                                                             '),
('P00048    ', 'Rượu vang bịch VECCHIO MARONE Italia 3L                                                             ', '', 450000, '0                                                                                                   ', '0                                                                                                   ', '0                                                                                                   ', '100                                                                                                 ', '1         ', 'C00003                                                                                              ', 'https://vangchat.com.vn/wp-content/uploads/2019/07/vang-bich-vecchio-marone-3L.jpg                                                                                                                                                                                                                                                                                                                                                                                                                                                                                                                                                                                                                                                                                                                                                                                                                                                                                                                                                      '),
('P00049    ', 'Vang bịch 1679 Corbieres 3L                                                                         ', '', 725000, '0                                                                                                   ', '0                                                                                                   ', '0                                                                                                   ', '100                                                                                                 ', '1         ', 'C00003                                                                                              ', 'https://vangchat.com.vn/wp-content/uploads/2019/07/vang-bich-1679-corbieres-3l.jpg                                                                                                                                                                                                                                                                                                                                                                                                                                                                                                                                                                                                                                                                                                                                                                                                                                                                                                                                                      '),
('P00050    ', 'Rượu Vang Bịch Codici Masserie 3L                                                                   ', '', 540000, '0                                                                                                   ', '0                                                                                                   ', '0                                                                                                   ', '100                                                                                                 ', '1         ', 'C00003                                                                                              ', 'https://vangchat.com.vn/wp-content/uploads/2021/09/j16.jpg                                                                                                                                                                                                                                                                                                                                                                                                                                                                                                                                                                                                                                                                                                                                                                                                                                                                                                                                                                              '),
('P00051    ', 'Rượu vang 958 Santero Millesimato Gold                                                              ', '', 850000, '0                                                                                                   ', '0                                                                                                   ', '0                                                                                                   ', '100                                                                                                 ', '1         ', 'C00004                                                                                              ', 'https://vangchat.com.vn/wp-content/uploads/2022/12/Ruou-vang-958-Santero-Millesimato-Gold-1.png                                                                                                                                                                                                                                                                                                                                                                                                                                                                                                                                                                                                                                                                                                                                                                                                                                                                                                                                         '),
('P00052    ', 'Rượu vang Cavatina Premium Strawberry                                                               ', '', 545000, '0                                                                                                   ', '0                                                                                                   ', '0                                                                                                   ', '100                                                                                                 ', '1         ', 'C00004                                                                                              ', 'https://vangchat.com.vn/wp-content/uploads/2022/12/Ruou-vang-Cavatina-Premium-Strawberry.png                                                                                                                                                                                                                                                                                                                                                                                                                                                                                                                                                                                                                                                                                                                                                                                                                                                                                                                                            '),
('P00053    ', 'Rượu vang Santero – 958 Club Millesimato Extra Dry                                                  ', '', 685000, '0                                                                                                   ', '0                                                                                                   ', '0                                                                                                   ', '100                                                                                                 ', '1         ', 'C00004                                                                                              ', 'https://vangchat.com.vn/wp-content/uploads/2022/12/Ruou-vang-Santero-958-Club-Millesimato-Extra-Dry.png                                                                                                                                                                                                                                                                                                                                                                                                                                                                                                                                                                                                                                                                                                                                                                                                                                                                                                                                 '),
('P00054    ', 'Rượu vang 958 Bellini Santero                                                                       ', '', 375000, '0                                                                                                   ', '0                                                                                                   ', '0                                                                                                   ', '100                                                                                                 ', '1         ', 'C00004                                                                                              ', 'https://vangchat.com.vn/wp-content/uploads/2022/12/Ruou-vang-958-Bellini-Santero.png                                                                                                                                                                                                                                                                                                                                                                                                                                                                                                                                                                                                                                                                                                                                                                                                                                                                                                                                                    '),
('P00055    ', 'Rượu Vang 1502 Romagna Mappa di Imola                                                               ', '', 590000, '0                                                                                                   ', '0                                                                                                   ', '0                                                                                                   ', '100                                                                                                 ', '1         ', 'C00004                                                                                              ', 'https://vangchat.com.vn/wp-content/uploads/2022/11/Ruou-Vang-1502-Romagna-Mappa-di-Imola-1.png                                                                                                                                                                                                                                                                                                                                                                                                                                                                                                                                                                                                                                                                                                                                                                                                                                                                                                                                          '),
('P00056    ', 'Rượu vang 958 Santero Glam Red                                                                      ', '', 585000, '0                                                                                                   ', '0                                                                                                   ', '0                                                                                                   ', '100                                                                                                 ', '1         ', 'C00004                                                                                              ', 'https://vangchat.com.vn/wp-content/uploads/2022/11/Ruou-vang-958-Santero-Glam-Red-1.jpg                                                                                                                                                                                                                                                                                                                                                                                                                                                                                                                                                                                                                                                                                                                                                                                                                                                                                                                                                 '),
('P00057    ', 'Rượu vang 958 Santero Glam Blue                                                                     ', '', 585000, '0                                                                                                   ', '0                                                                                                   ', '0                                                                                                   ', '100                                                                                                 ', '1         ', 'C00004                                                                                              ', 'https://vangchat.com.vn/wp-content/uploads/2022/11/Ruou-vang-958-Santero-Glam-Blue.jpg                                                                                                                                                                                                                                                                                                                                                                                                                                                                                                                                                                                                                                                                                                                                                                                                                                                                                                                                                  '),
('P00058    ', 'Rượu vang P Peach Cavatina Premium                                                                  ', '', 595000, '0                                                                                                   ', '0                                                                                                   ', '0                                                                                                   ', '100                                                                                                 ', '1         ', 'C00004                                                                                              ', 'https://vangchat.com.vn/wp-content/uploads/2022/07/ruou-vang-p-peach-cavatina-premium.jpg                                                                                                                                                                                                                                                                                                                                                                                                                                                                                                                                                                                                                                                                                                                                                                                                                                                                                                                                               '),
('P00059    ', 'Rượu vang M Moscato Rose Cavatina Premium                                                           ', '', 625000, '0                                                                                                   ', '0                                                                                                   ', '0                                                                                                   ', '100                                                                                                 ', '1         ', 'C00004                                                                                              ', 'https://vangchat.com.vn/wp-content/uploads/2022/07/ruou-vang-m-moscato-rose-cavatina-premium.jpg                                                                                                                                                                                                                                                                                                                                                                                                                                                                                                                                                                                                                                                                                                                                                                                                                                                                                                                                        '),
('P00060    ', 'Rượu vang 958 Santero Glam                                                                          ', '', 750000, '0                                                                                                   ', '0                                                                                                   ', '0                                                                                                   ', '100                                                                                                 ', '1         ', 'C00004                                                                                              ', 'https://vangchat.com.vn/wp-content/uploads/2022/06/ruou-vang-958-santero-glam.jpg                                                                                                                                                                                                                                                                                                                                                                                                                                                                                                                                                                                                                                                                                                                                                                                                                                                                                                                                                       ');
INSERT INTO `product` (`ProductNum`, `ProductName`, `Descript`, `Price`, `Tax1`, `Tax2`, `Tax3`, `Quan`, `IsActive`, `CatId`, `ImageSource`) VALUES
('P00061    ', 'Rượu vang 958 Santero Asti                                                                          ', '', 650000, '0                                                                                                   ', '0                                                                                                   ', '0                                                                                                   ', '100                                                                                                 ', '1         ', 'C00004                                                                                              ', 'https://vangchat.com.vn/wp-content/uploads/2022/06/ruou-vang-958-santero-asti.jpg                                                                                                                                                                                                                                                                                                                                                                                                                                                                                                                                                                                                                                                                                                                                                                                                                                                                                                                                                       '),
('P00062    ', 'Rượu vang Pecorino Spumante Brut                                                                    ', '', 480000, '0                                                                                                   ', '0                                                                                                   ', '0                                                                                                   ', '100                                                                                                 ', '1         ', 'C00004                                                                                              ', 'https://vangchat.com.vn/wp-content/uploads/2022/06/ruou-vang-pecorino-spumante-brut.jpg                                                                                                                                                                                                                                                                                                                                                                                                                                                                                                                                                                                                                                                                                                                                                                                                                                                                                                                                                 '),
('P00063    ', 'Rượu vang Caballo Loco Grand Cru Brut Nature                                                        ', '', 1550000, '0                                                                                                   ', '0                                                                                                   ', '0                                                                                                   ', '100                                                                                                 ', '1         ', 'C00004                                                                                              ', 'https://vangchat.com.vn/wp-content/uploads/2022/04/ruou-vang-caballo-loco-grand-cru-brut-nature.jpg                                                                                                                                                                                                                                                                                                                                                                                                                                                                                                                                                                                                                                                                                                                                                                                                                                                                                                                                     '),
('P00064    ', 'Rượu vang Bolla Valdobbiadene Prosecco                                                              ', '', 510000, '0                                                                                                   ', '0                                                                                                   ', '0                                                                                                   ', '100                                                                                                 ', '1         ', 'C00004                                                                                              ', 'https://vangchat.com.vn/wp-content/uploads/2021/08/ruou-vang-bolla-valdobbiadene-prosecco.jpg                                                                                                                                                                                                                                                                                                                                                                                                                                                                                                                                                                                                                                                                                                                                                                                                                                                                                                                                           '),
('P00065    ', 'Rượu vang Bava Malvasia Spumante Dolce                                                              ', '', 680000, '0                                                                                                   ', '0                                                                                                   ', '0                                                                                                   ', '100                                                                                                 ', '1         ', 'C00004                                                                                              ', 'https://vangchat.com.vn/wp-content/uploads/2021/08/ruou-vang-bava-malvasia-spumante-dolce.jpg                                                                                                                                                                                                                                                                                                                                                                                                                                                                                                                                                                                                                                                                                                                                                                                                                                                                                                                                           '),
('P00066    ', 'Rượu Vang Tosti 1820 Asti Sparkling Wine                                                            ', '', 500000, '0                                                                                                   ', '0                                                                                                   ', '0                                                                                                   ', '100                                                                                                 ', '1         ', 'C00004                                                                                              ', 'https://vangchat.com.vn/wp-content/uploads/2021/08/8n.jpg                                                                                                                                                                                                                                                                                                                                                                                                                                                                                                                                                                                                                                                                                                                                                                                                                                                                                                                                                                               '),
('P00067    ', 'Rượu Vang Tosti 1820 Pink Moscato                                                                   ', '', 500000, '0                                                                                                   ', '0                                                                                                   ', '0                                                                                                   ', '100                                                                                                 ', '1         ', 'C00004                                                                                              ', 'https://vangchat.com.vn/wp-content/uploads/2021/08/8v.jpg                                                                                                                                                                                                                                                                                                                                                                                                                                                                                                                                                                                                                                                                                                                                                                                                                                                                                                                                                                               '),
('P00068    ', 'Rượu Vang Bel Star Cuvee Rose Prosecco                                                              ', '', 490000, '0                                                                                                   ', '0                                                                                                   ', '0                                                                                                   ', '100                                                                                                 ', '1         ', 'C00004                                                                                              ', 'https://vangchat.com.vn/wp-content/uploads/2021/08/ruou-vang-bel-star-cuvee-rose-prosecco.jpg                                                                                                                                                                                                                                                                                                                                                                                                                                                                                                                                                                                                                                                                                                                                                                                                                                                                                                                                           '),
('P00069    ', 'Rượu Vang Bisol Cartizze Valdobbiadene Prosecco                                                     ', '', 1080000, '0                                                                                                   ', '0                                                                                                   ', '0                                                                                                   ', '100                                                                                                 ', '1         ', 'C00004                                                                                              ', 'https://vangchat.com.vn/wp-content/uploads/2021/08/ruou-vang-bisol-cartizze-valdobbiadene-prosecco.jpg                                                                                                                                                                                                                                                                                                                                                                                                                                                                                                                                                                                                                                                                                                                                                                                                                                                                                                                                  '),
('P00070    ', 'Rượu Vang Santa Margherita Brut Rose                                                                ', '', 760000, '0                                                                                                   ', '0                                                                                                   ', '0                                                                                                   ', '100                                                                                                 ', '1         ', 'C00004                                                                                              ', 'https://vangchat.com.vn/wp-content/uploads/2021/08/ruou-vang-santa-margherita-brut-rose.jpg                                                                                                                                                                                                                                                                                                                                                                                                                                                                                                                                                                                                                                                                                                                                                                                                                                                                                                                                             '),
('P00071    ', 'Rượu vang Pipoly Rosato Basilicata                                                                  ', '', 660000, '0                                                                                                   ', '0                                                                                                   ', '0                                                                                                   ', '100                                                                                                 ', '1         ', 'C00005                                                                                              ', 'https://vangchat.com.vn/wp-content/uploads/2022/12/ruou-vang-pipoly-rosato-basilicata.jpg                                                                                                                                                                                                                                                                                                                                                                                                                                                                                                                                                                                                                                                                                                                                                                                                                                                                                                                                               '),
('P00072    ', 'Rượu vang CF Collefrisio Cerasuolo d’Abruzzo                                                        ', '', 860000, '0                                                                                                   ', '0                                                                                                   ', '0                                                                                                   ', '100                                                                                                 ', '1         ', 'C00005                                                                                              ', 'https://vangchat.com.vn/wp-content/uploads/2022/12/Ruou-vang-Collefrisio-Cerasuolo-dAbruzzo.png                                                                                                                                                                                                                                                                                                                                                                                                                                                                                                                                                                                                                                                                                                                                                                                                                                                                                                                                         '),
('P00073    ', 'Rượu Vang 1502 Sangaguese Portocanale Cesenatico                                                    ', '', 625000, '0                                                                                                   ', '0                                                                                                   ', '0                                                                                                   ', '100                                                                                                 ', '1         ', 'C00005                                                                                              ', 'https://vangchat.com.vn/wp-content/uploads/2022/11/Ruou-Vang-1502-Sangaguese-Portocanale-Cesenatico-1.png                                                                                                                                                                                                                                                                                                                                                                                                                                                                                                                                                                                                                                                                                                                                                                                                                                                                                                                               '),
('P00074    ', 'Rượu Vang Truffle Hunter Leda Rose                                                                  ', '', 550000, '0                                                                                                   ', '0                                                                                                   ', '0                                                                                                   ', '100                                                                                                 ', '1         ', 'C00005                                                                                              ', 'https://vangchat.com.vn/wp-content/uploads/2022/11/Ruou-vang-Trufle-Hunter-Leda-Blush-Rose-1.jpg                                                                                                                                                                                                                                                                                                                                                                                                                                                                                                                                                                                                                                                                                                                                                                                                                                                                                                                                        '),
('P00075    ', 'Rượu vang Pepperjack Grenache Rose                                                                  ', '', 916000, '0                                                                                                   ', '0                                                                                                   ', '0                                                                                                   ', '100                                                                                                 ', '1         ', 'C00005                                                                                              ', 'https://vangchat.com.vn/wp-content/uploads/2022/08/ruou-vang-pepperjack-grenache-rose.jpg                                                                                                                                                                                                                                                                                                                                                                                                                                                                                                                                                                                                                                                                                                                                                                                                                                                                                                                                               '),
('P00076    ', 'Rượu vang M Moscato Rose Cavatina Premium                                                           ', '', 625000, '0                                                                                                   ', '0                                                                                                   ', '0                                                                                                   ', '100                                                                                                 ', '1         ', 'C00005                                                                                              ', 'https://vangchat.com.vn/wp-content/uploads/2022/07/ruou-vang-m-moscato-rose-cavatina-premium.jpg                                                                                                                                                                                                                                                                                                                                                                                                                                                                                                                                                                                                                                                                                                                                                                                                                                                                                                                                        '),
('P00077    ', 'Rượu Vang Pierre & Remy Gauthier La Borie Cotes De Provence Rose                                    ', '', 550000, '0                                                                                                   ', '0                                                                                                   ', '0                                                                                                   ', '100                                                                                                 ', '1         ', 'C00005                                                                                              ', 'https://vangchat.com.vn/wp-content/uploads/2021/09/f22.jpg                                                                                                                                                                                                                                                                                                                                                                                                                                                                                                                                                                                                                                                                                                                                                                                                                                                                                                                                                                              '),
('P00078    ', 'Rượu Vang Vieux Papes Grenache Syrah                                                                ', '', 300000, '0                                                                                                   ', '0                                                                                                   ', '0                                                                                                   ', '100                                                                                                 ', '1         ', 'C00005                                                                                              ', 'https://vangchat.com.vn/wp-content/uploads/2021/08/66n.jpg                                                                                                                                                                                                                                                                                                                                                                                                                                                                                                                                                                                                                                                                                                                                                                                                                                                                                                                                                                              '),
('P00079    ', 'Rượu Vang Banrock Station Prink Moscato                                                             ', '', 400000, '0                                                                                                   ', '0                                                                                                   ', '0                                                                                                   ', '100                                                                                                 ', '1         ', 'C00005                                                                                              ', 'https://vangchat.com.vn/wp-content/uploads/2021/08/66i.jpg                                                                                                                                                                                                                                                                                                                                                                                                                                                                                                                                                                                                                                                                                                                                                                                                                                                                                                                                                                              '),
('P00080    ', 'Rượu Vang Banrock Station White Shiraz                                                              ', '', 360000, '0                                                                                                   ', '0                                                                                                   ', '0                                                                                                   ', '100                                                                                                 ', '1         ', 'C00005                                                                                              ', 'https://vangchat.com.vn/wp-content/uploads/2021/08/66y.jpg                                                                                                                                                                                                                                                                                                                                                                                                                                                                                                                                                                                                                                                                                                                                                                                                                                                                                                                                                                              '),
('P00081    ', 'Rượu vang Bava Malvasia Spumante Dolce                                                              ', '', 680000, '0                                                                                                   ', '0                                                                                                   ', '0                                                                                                   ', '100                                                                                                 ', '1         ', 'C00005                                                                                              ', 'https://vangchat.com.vn/wp-content/uploads/2021/08/ruou-vang-bava-malvasia-spumante-dolce.jpg                                                                                                                                                                                                                                                                                                                                                                                                                                                                                                                                                                                                                                                                                                                                                                                                                                                                                                                                           '),
('P00082    ', 'Rượu Vang Tosti 1820 Pink Moscato                                                                   ', '', 500000, '0                                                                                                   ', '0                                                                                                   ', '0                                                                                                   ', '100                                                                                                 ', '1         ', 'C00005                                                                                              ', 'https://vangchat.com.vn/wp-content/uploads/2021/08/8v.jpg                                                                                                                                                                                                                                                                                                                                                                                                                                                                                                                                                                                                                                                                                                                                                                                                                                                                                                                                                                               '),
('P00083    ', 'Rượu Vang Bel Star Cuvee Rose Prosecco                                                              ', '', 490000, '0                                                                                                   ', '0                                                                                                   ', '0                                                                                                   ', '100                                                                                                 ', '1         ', 'C00005                                                                                              ', 'https://vangchat.com.vn/wp-content/uploads/2021/08/ruou-vang-bel-star-cuvee-rose-prosecco.jpg                                                                                                                                                                                                                                                                                                                                                                                                                                                                                                                                                                                                                                                                                                                                                                                                                                                                                                                                           '),
('P00084    ', 'Rượu Vang Tasca Regaleali Le Rose                                                                   ', '', 490000, '0                                                                                                   ', '0                                                                                                   ', '0                                                                                                   ', '100                                                                                                 ', '1         ', 'C00005                                                                                              ', 'https://vangchat.com.vn/wp-content/uploads/2021/08/8w.jpg                                                                                                                                                                                                                                                                                                                                                                                                                                                                                                                                                                                                                                                                                                                                                                                                                                                                                                                                                                               '),
('P00085    ', 'Rượu Vang Argiolas Serra Lori                                                                       ', '', 500000, '0                                                                                                   ', '0                                                                                                   ', '0                                                                                                   ', '100                                                                                                 ', '1         ', 'C00005                                                                                              ', 'https://vangchat.com.vn/wp-content/uploads/2021/08/7k.jpg                                                                                                                                                                                                                                                                                                                                                                                                                                                                                                                                                                                                                                                                                                                                                                                                                                                                                                                                                                               '),
('P00086    ', 'Rượu Vang Buglioni Rosato Trevenezie Rosacipolla                                                    ', '', 600000, '0                                                                                                   ', '0                                                                                                   ', '0                                                                                                   ', '100                                                                                                 ', '1         ', 'C00005                                                                                              ', 'https://vangchat.com.vn/wp-content/uploads/2021/08/7p.jpg                                                                                                                                                                                                                                                                                                                                                                                                                                                                                                                                                                                                                                                                                                                                                                                                                                                                                                                                                                               '),
('P00087    ', 'Rượu Vang Carpineto Dogajolo Sangiovese                                                             ', '', 510000, '0                                                                                                   ', '0                                                                                                   ', '0                                                                                                   ', '100                                                                                                 ', '1         ', 'C00005                                                                                              ', 'https://vangchat.com.vn/wp-content/uploads/2021/08/4j.jpg                                                                                                                                                                                                                                                                                                                                                                                                                                                                                                                                                                                                                                                                                                                                                                                                                                                                                                                                                                               '),
('P00088    ', 'Rượu Vang Jansz Tasmania Premium Cuvée Rose                                                         ', '', 980000, '0                                                                                                   ', '0                                                                                                   ', '0                                                                                                   ', '100                                                                                                 ', '1         ', 'C00005                                                                                              ', 'https://vangchat.com.vn/wp-content/uploads/2021/08/ruou-vang-jansz-tasmania-premium-cuvee-rose.jpg                                                                                                                                                                                                                                                                                                                                                                                                                                                                                                                                                                                                                                                                                                                                                                                                                                                                                                                                      '),
('P00089    ', 'Rượu Vang Soupcon De Fruit Rose D’Anjou                                                             ', '', 536000, '0                                                                                                   ', '0                                                                                                   ', '0                                                                                                   ', '100                                                                                                 ', '1         ', 'C00005                                                                                              ', 'https://vangchat.com.vn/wp-content/uploads/2021/08/94.jpg                                                                                                                                                                                                                                                                                                                                                                                                                                                                                                                                                                                                                                                                                                                                                                                                                                                                                                                                                                               ');
INSERT INTO `product` (`ProductNum`, `ProductName`, `Descript`, `Price`, `Tax1`, `Tax2`, `Tax3`, `Quan`, `IsActive`, `CatId`, `ImageSource`) VALUES
('P00090    ', 'Rượu Vang Pháp Arrogant Sparkling Rose                                                              ', '', 310000, '0                                                                                                   ', '0                                                                                                   ', '0                                                                                                   ', '100                                                                                                 ', '1         ', 'C00005                                                                                              ', 'https://vangchat.com.vn/wp-content/uploads/2021/07/aa1.jpg                                                                                                                                                                                                                                                                                                                                                                                                                                                                                                                                                                                                                                                                                                                                                                                                                                                                                                                                                                              '),
('P00100    ', 'Rượu vang Pipoly Rosato Basilicata                                                                  ', '', 660000, '0                                                                                                   ', '0                                                                                                   ', '0                                                                                                   ', '100                                                                                                 ', '1         ', 'C00006                                                                                              ', 'https://vangchat.com.vn/wp-content/uploads/2022/12/ruou-vang-pipoly-rosato-basilicata.jpg                                                                                                                                                                                                                                                                                                                                                                                                                                                                                                                                                                                                                                                                                                                                                                                                                                                                                                                                               '),
('P00101    ', 'Rượu vang Pipoly Bianco Basilicata                                                                  ', '', 660000, '0                                                                                                   ', '0                                                                                                   ', '0                                                                                                   ', '100                                                                                                 ', '1         ', 'C00006                                                                                              ', 'https://vangchat.com.vn/wp-content/uploads/2022/12/ruou-vang-pipoly-bianco-basilicata.jpg                                                                                                                                                                                                                                                                                                                                                                                                                                                                                                                                                                                                                                                                                                                                                                                                                                                                                                                                               '),
('P00102    ', 'Rượu vang Sensuale Moscato Di Basilicata                                                            ', '', 450000, '0                                                                                                   ', '0                                                                                                   ', '0                                                                                                   ', '100                                                                                                 ', '1         ', 'C00006                                                                                              ', 'https://vangchat.com.vn/wp-content/uploads/2022/12/ruou-vang-sensuale-moscato-di-basilicata.jpg                                                                                                                                                                                                                                                                                                                                                                                                                                                                                                                                                                                                                                                                                                                                                                                                                                                                                                                                         '),
('P00103    ', 'Rượu vang Rapel Carilisa Moscato Vino Spumate                                                       ', '', 550000, '0                                                                                                   ', '0                                                                                                   ', '0                                                                                                   ', '100                                                                                                 ', '1         ', 'C00006                                                                                              ', 'https://vangchat.com.vn/wp-content/uploads/2022/12/Ruou-vang-Rapel-Carilisa-Moscato-Vino-Spumate.png                                                                                                                                                                                                                                                                                                                                                                                                                                                                                                                                                                                                                                                                                                                                                                                                                                                                                                                                    '),
('P00104    ', 'Rượu vang Donnabella Rosso Semidolce                                                                ', '', 350000, '0                                                                                                   ', '0                                                                                                   ', '0                                                                                                   ', '100                                                                                                 ', '1         ', 'C00006                                                                                              ', 'https://vangchat.com.vn/wp-content/uploads/2022/11/Untitled-1.jpg                                                                                                                                                                                                                                                                                                                                                                                                                                                                                                                                                                                                                                                                                                                                                                                                                                                                                                                                                                       '),
('P00105    ', 'Rượu vang Bubbles Moscato D’asti                                                                    ', '', 630000, '0                                                                                                   ', '0                                                                                                   ', '0                                                                                                   ', '100                                                                                                 ', '1         ', 'C00006                                                                                              ', 'https://vangchat.com.vn/wp-content/uploads/2022/08/ruou-vang-bubbles-moscato-dasti-2.jpg                                                                                                                                                                                                                                                                                                                                                                                                                                                                                                                                                                                                                                                                                                                                                                                                                                                                                                                                                '),
('P00106    ', 'Rượu vang Moscato Spumante Dolce Tini                                                               ', '', 280000, '0                                                                                                   ', '0                                                                                                   ', '0                                                                                                   ', '100                                                                                                 ', '1         ', 'C00006                                                                                              ', 'https://vangchat.com.vn/wp-content/uploads/2022/04/ruou-vang-moscato-spumante-dolce-tini.jpg                                                                                                                                                                                                                                                                                                                                                                                                                                                                                                                                                                                                                                                                                                                                                                                                                                                                                                                                            '),
('P00107    ', 'Rượu vang Queen Queen                                                                               ', '', 320000, '0                                                                                                   ', '0                                                                                                   ', '0                                                                                                   ', '100                                                                                                 ', '1         ', 'C00006                                                                                              ', 'https://vangchat.com.vn/wp-content/uploads/2022/04/quen.jpg                                                                                                                                                                                                                                                                                                                                                                                                                                                                                                                                                                                                                                                                                                                                                                                                                                                                                                                                                                             '),
('P00108    ', 'Rượu vang Moscato D’asti Bosio                                                                      ', '', 550000, '0                                                                                                   ', '0                                                                                                   ', '0                                                                                                   ', '100                                                                                                 ', '1         ', 'C00006                                                                                              ', 'https://vangchat.com.vn/wp-content/uploads/2020/08/ruou-vang-bosio-moscato-dasti.jpg                                                                                                                                                                                                                                                                                                                                                                                                                                                                                                                                                                                                                                                                                                                                                                                                                                                                                                                                                    '),
('P00109    ', 'Rượu vang CF Sotto Sopra                                                                            ', '', 950000, '0                                                                                                   ', '0                                                                                                   ', '0                                                                                                   ', '100                                                                                                 ', '1         ', 'C00006                                                                                              ', 'https://vangchat.com.vn/wp-content/uploads/2020/08/ruou-vang-cf-sotto-sopra.jpg                                                                                                                                                                                                                                                                                                                                                                                                                                                                                                                                                                                                                                                                                                                                                                                                                                                                                                                                                         '),
('P00110    ', 'Rượu Vang Kardos Tunder Mese                                                                        ', '', 520000, '0                                                                                                   ', '0                                                                                                   ', '0                                                                                                   ', '100                                                                                                 ', '1         ', 'C00006                                                                                              ', 'https://vangchat.com.vn/wp-content/uploads/2021/08/99s.jpg                                                                                                                                                                                                                                                                                                                                                                                                                                                                                                                                                                                                                                                                                                                                                                                                                                                                                                                                                                              '),
('P00111    ', 'Rượu vang Tokaji Muscat Lunel                                                                       ', '', 490000, '0                                                                                                   ', '0                                                                                                   ', '0                                                                                                   ', '100                                                                                                 ', '1         ', 'C00006                                                                                              ', 'https://vangchat.com.vn/wp-content/uploads/2021/08/99p.jpg                                                                                                                                                                                                                                                                                                                                                                                                                                                                                                                                                                                                                                                                                                                                                                                                                                                                                                                                                                              '),
('P00112    ', 'Rượu Vang Banrock Station Moscato                                                                   ', '', 480000, '0                                                                                                   ', '0                                                                                                   ', '0                                                                                                   ', '100                                                                                                 ', '1         ', 'C00006                                                                                              ', 'https://vangchat.com.vn/wp-content/uploads/2021/08/ruou-vang-banrock-station-moscato.jpg                                                                                                                                                                                                                                                                                                                                                                                                                                                                                                                                                                                                                                                                                                                                                                                                                                                                                                                                                '),
('P00113    ', 'Rượu Vang Banrock Station Crimson Cabernet                                                          ', '', 480000, '0                                                                                                   ', '0                                                                                                   ', '0                                                                                                   ', '100                                                                                                 ', '1         ', 'C00006                                                                                              ', 'https://vangchat.com.vn/wp-content/uploads/2021/08/ruou-vang-banrock-station-crimson-cabernet.jpg                                                                                                                                                                                                                                                                                                                                                                                                                                                                                                                                                                                                                                                                                                                                                                                                                                                                                                                                       '),
('P00114    ', 'Rượu Vang Tosti 1820 Asti Sparkling Wine                                                            ', '', 500000, '0                                                                                                   ', '0                                                                                                   ', '0                                                                                                   ', '100                                                                                                 ', '1         ', 'C00006                                                                                              ', 'https://vangchat.com.vn/wp-content/uploads/2021/08/8n.jpg                                                                                                                                                                                                                                                                                                                                                                                                                                                                                                                                                                                                                                                                                                                                                                                                                                                                                                                                                                               '),
('P00115    ', 'Rượu Vang Tosti 1820 Pink Moscato                                                                   ', '', 500000, '0                                                                                                   ', '0                                                                                                   ', '0                                                                                                   ', '100                                                                                                 ', '1         ', 'C00006                                                                                              ', 'https://vangchat.com.vn/wp-content/uploads/2021/08/8v.jpg                                                                                                                                                                                                                                                                                                                                                                                                                                                                                                                                                                                                                                                                                                                                                                                                                                                                                                                                                                               '),
('P00116    ', 'Rượu Vang Petit Guiraud Sauternes                                                                   ', '', 1750000, '0                                                                                                   ', '0                                                                                                   ', '0                                                                                                   ', '100                                                                                                 ', '1         ', 'C00006                                                                                              ', 'https://vangchat.com.vn/wp-content/uploads/2021/08/ruou-vang-petit-guiraud-sauternes.jpg                                                                                                                                                                                                                                                                                                                                                                                                                                                                                                                                                                                                                                                                                                                                                                                                                                                                                                                                                '),
('P00117    ', 'Rượu Vang Château De Montgueret Côteaux Du Layon                                                    ', '', 710000, '0                                                                                                   ', '0                                                                                                   ', '0                                                                                                   ', '100                                                                                                 ', '1         ', 'C00006                                                                                              ', 'https://vangchat.com.vn/wp-content/uploads/2021/08/ruou-vang-chateau-de-montgueret-coteaux-du-layon.jpg                                                                                                                                                                                                                                                                                                                                                                                                                                                                                                                                                                                                                                                                                                                                                                                                                                                                                                                                 '),
('P00118    ', 'Rượu Vang Soleil Gascon Semi Sweet                                                                  ', '', 380000, '0                                                                                                   ', '0                                                                                                   ', '0                                                                                                   ', '100                                                                                                 ', '1         ', 'C00006                                                                                              ', 'https://vangchat.com.vn/wp-content/uploads/2021/08/ruou-vang-soleil-gascon-semi-sweet.jpg                                                                                                                                                                                                                                                                                                                                                                                                                                                                                                                                                                                                                                                                                                                                                                                                                                                                                                                                               '),
('P00119    ', 'Rượu Vang ngọt Romania Aprenta                                                                      ', '', 986000, '0                                                                                                   ', '0                                                                                                   ', '0                                                                                                   ', '100                                                                                                 ', '1         ', 'C00006                                                                                              ', 'https://vangchat.com.vn/wp-content/uploads/2021/08/8999.jpg                                                                                                                                                                                                                                                                                                                                                                                                                                                                                                                                                                                                                                                                                                                                                                                                                                                                                                                                                                             '),
('P00120    ', 'Rượu Vang ngọt Dulong Moelleux Bordeaux                                                             ', '', 356000, '0                                                                                                   ', '0                                                                                                   ', '0                                                                                                   ', '100                                                                                                 ', '1         ', 'C00006                                                                                              ', 'https://vangchat.com.vn/wp-content/uploads/2021/08/85.jpg                                                                                                                                                                                                                                                                                                                                                                                                                                                                                                                                                                                                                                                                                                                                                                                                                                                                                                                                                                               '),
('P00121    ', 'Rượu vang Odfjell Armador Sauvignon Blanc                                                           ', '', 585000, '0                                                                                                   ', '0                                                                                                   ', '0                                                                                                   ', '100                                                                                                 ', '1         ', 'C00007                                                                                              ', 'https://vangchat.com.vn/wp-content/uploads/2022/12/ruou-vang-odfjell-armador-sauvignon-blanc-1.jpg                                                                                                                                                                                                                                                                                                                                                                                                                                                                                                                                                                                                                                                                                                                                                                                                                                                                                                                                      '),
('P00122    ', 'Rượu vang Odfjell Elusiva                                                                           ', '', 1550000, '0                                                                                                   ', '0                                                                                                   ', '0                                                                                                   ', '100                                                                                                 ', '1         ', 'C00007                                                                                              ', 'https://vangchat.com.vn/wp-content/uploads/2022/12/ruou-vang-odfjell-elusiva.jpg                                                                                                                                                                                                                                                                                                                                                                                                                                                                                                                                                                                                                                                                                                                                                                                                                                                                                                                                                        '),
('P00123    ', 'Rượu vang Odfjell Cauquenes                                                                         ', '', 4500000, '0                                                                                                   ', '0                                                                                                   ', '0                                                                                                   ', '100                                                                                                 ', '1         ', 'C00007                                                                                              ', 'https://vangchat.com.vn/wp-content/uploads/2022/12/ruou-vang-odfiell-cauguenes.jpg                                                                                                                                                                                                                                                                                                                                                                                                                                                                                                                                                                                                                                                                                                                                                                                                                                                                                                                                                      '),
('P00124    ', 'Rượu vang Zensa Nero D’ Avola                                                                       ', '', 680000, '0                                                                                                   ', '0                                                                                                   ', '0                                                                                                   ', '100                                                                                                 ', '1         ', 'C00007                                                                                              ', 'https://vangchat.com.vn/wp-content/uploads/2020/09/ruou-vang-zensa-nero-d-avola.jpg                                                                                                                                                                                                                                                                                                                                                                                                                                                                                                                                                                                                                                                                                                                                                                                                                                                                                                                                                     '),
('P00125    ', 'Rượu vang NOVAS Gran Reserva Cabernet Sauvignon                                                     ', '', 530000, '0                                                                                                   ', '0                                                                                                   ', '0                                                                                                   ', '100                                                                                                 ', '1         ', 'C00007                                                                                              ', 'https://vangchat.com.vn/wp-content/uploads/2019/07/ruou-vang-novas-gran-reserva-cabernet-sauvignon.jpg                                                                                                                                                                                                                                                                                                                                                                                                                                                                                                                                                                                                                                                                                                                                                                                                                                                                                                                                  '),
('P00126    ', 'Rượu vang NOVAS Gran Reserva Chardonay                                                              ', '', 530000, '0                                                                                                   ', '0                                                                                                   ', '0                                                                                                   ', '100                                                                                                 ', '1         ', 'C00007                                                                                              ', 'https://vangchat.com.vn/wp-content/uploads/2019/07/ruou-vang-novas-gran-reserva-chardonnay.jpg                                                                                                                                                                                                                                                                                                                                                                                                                                                                                                                                                                                                                                                                                                                                                                                                                                                                                                                                          '),
('P00127    ', 'Rượu vang NOVAS Gran Reserva Sauvignon Blanc                                                        ', '', 530000, '0                                                                                                   ', '0                                                                                                   ', '0                                                                                                   ', '100                                                                                                 ', '1         ', 'C00007                                                                                              ', 'https://vangchat.com.vn/wp-content/uploads/2019/07/ruou-vang-novas-gran-reserva-sauvignon-blanc.jpg                                                                                                                                                                                                                                                                                                                                                                                                                                                                                                                                                                                                                                                                                                                                                                                                                                                                                                                                     ');
INSERT INTO `product` (`ProductNum`, `ProductName`, `Descript`, `Price`, `Tax1`, `Tax2`, `Tax3`, `Quan`, `IsActive`, `CatId`, `ImageSource`) VALUES
('P00128    ', 'Rượu vang Zensa Primitivo                                                                           ', '', 720000, '0                                                                                                   ', '0                                                                                                   ', '0                                                                                                   ', '100                                                                                                 ', '1         ', 'C00007                                                                                              ', 'https://vangchat.com.vn/wp-content/uploads/2020/09/ruou-vang-zensa-primitivo.jpg                                                                                                                                                                                                                                                                                                                                                                                                                                                                                                                                                                                                                                                                                                                                                                                                                                                                                                                                                        '),
('P00129    ', 'Rượu vang SIGNOS de Origen Cabernet Sauvignon                                                       ', '', 750000, '0                                                                                                   ', '0                                                                                                   ', '0                                                                                                   ', '100                                                                                                 ', '1         ', 'C00007                                                                                              ', 'https://vangchat.com.vn/wp-content/uploads/2019/07/ruou-vang-signos-de-origen-cabernet-sauvignon.jpg                                                                                                                                                                                                                                                                                                                                                                                                                                                                                                                                                                                                                                                                                                                                                                                                                                                                                                                                    '),
('P00130    ', 'Rượu vang SIGNOS de Origen Carmenere                                                                ', '', 750000, '0                                                                                                   ', '0                                                                                                   ', '0                                                                                                   ', '100                                                                                                 ', '1         ', 'C00007                                                                                              ', 'https://vangchat.com.vn/wp-content/uploads/2019/07/ruou-vang-signos-de-origen-carmenere.jpg                                                                                                                                                                                                                                                                                                                                                                                                                                                                                                                                                                                                                                                                                                                                                                                                                                                                                                                                             '),
('P00131    ', 'Rượu vang Bericanto Prosecco Brut                                                                   ', '', 500000, '0                                                                                                   ', '0                                                                                                   ', '0                                                                                                   ', '100                                                                                                 ', '1         ', 'C00008                                                                                              ', 'https://vangchat.com.vn/wp-content/uploads/2021/08/88n.jpg                                                                                                                                                                                                                                                                                                                                                                                                                                                                                                                                                                                                                                                                                                                                                                                                                                                                                                                                                                              '),
('P00132    ', 'Rượu vang Vieux Papes Brut Blanc De Blancs                                                          ', '', 275000, '0                                                                                                   ', '0                                                                                                   ', '0                                                                                                   ', '100                                                                                                 ', '1         ', 'C00008                                                                                              ', 'https://vangchat.com.vn/wp-content/uploads/2021/08/88zz.jpg                                                                                                                                                                                                                                                                                                                                                                                                                                                                                                                                                                                                                                                                                                                                                                                                                                                                                                                                                                             '),
('P00133    ', 'Rượu Vang Champagne Jacques Picard Brut                                                             ', '', 1780000, '0                                                                                                   ', '0                                                                                                   ', '0                                                                                                   ', '100                                                                                                 ', '1         ', 'C00008                                                                                              ', 'https://vangchat.com.vn/wp-content/uploads/2021/08/ruou-vang-champagne-jacques-picard-brut.jpg                                                                                                                                                                                                                                                                                                                                                                                                                                                                                                                                                                                                                                                                                                                                                                                                                                                                                                                                          '),
('P00134    ', 'Rượu Champagne Drappier Grande Sendree                                                              ', '', 3000000, '0                                                                                                   ', '0                                                                                                   ', '0                                                                                                   ', '100                                                                                                 ', '1         ', 'C00008                                                                                              ', 'https://vangchat.com.vn/wp-content/uploads/2021/08/ruou-champagne-drappier-grande-sendree.jpg                                                                                                                                                                                                                                                                                                                                                                                                                                                                                                                                                                                                                                                                                                                                                                                                                                                                                                                                           '),
('P00135    ', 'Rượu Vang Champagne Nicolas Feuillatte Palmes d’Or                                                  ', '', 5000000, '0                                                                                                   ', '0                                                                                                   ', '0                                                                                                   ', '100                                                                                                 ', '1         ', 'C00008                                                                                              ', 'https://vangchat.com.vn/wp-content/uploads/2021/08/ruou-vang-champagne-nicolas-feuillatte-palmes-dor.jpg                                                                                                                                                                                                                                                                                                                                                                                                                                                                                                                                                                                                                                                                                                                                                                                                                                                                                                                                '),
('P00136    ', 'Rượu Champagne Drappier Cuvee Charles de Gaulle                                                     ', '', 2080000, '0                                                                                                   ', '0                                                                                                   ', '0                                                                                                   ', '100                                                                                                 ', '1         ', 'C00008                                                                                              ', 'https://vangchat.com.vn/wp-content/uploads/2021/08/ruou-champagne-drappier-cuvee-charles-de-gaulle.jpg                                                                                                                                                                                                                                                                                                                                                                                                                                                                                                                                                                                                                                                                                                                                                                                                                                                                                                                                  '),
('P00137    ', 'Rượu Champagne Drappier Rose de Saignee                                                             ', '', 1850000, '0                                                                                                   ', '0                                                                                                   ', '0                                                                                                   ', '100                                                                                                 ', '1         ', 'C00008                                                                                              ', 'https://vangchat.com.vn/wp-content/uploads/2021/08/ruou-champagne-drappier-rose-de-saignee.jpg                                                                                                                                                                                                                                                                                                                                                                                                                                                                                                                                                                                                                                                                                                                                                                                                                                                                                                                                          '),
('P00138    ', 'Rượu Vang Champagne Nicolas Feuillatte Brut Rose                                                    ', '', 2280000, '0                                                                                                   ', '0                                                                                                   ', '0                                                                                                   ', '100                                                                                                 ', '1         ', 'C00008                                                                                              ', 'https://vangchat.com.vn/wp-content/uploads/2021/08/ruou-vang-champagne-nicolas-feuillatte-brut-rose.jpg                                                                                                                                                                                                                                                                                                                                                                                                                                                                                                                                                                                                                                                                                                                                                                                                                                                                                                                                 '),
('P00139    ', 'Rượu Vang Champagne Nicolas Feuillatte Reserve Exclusive Blue', '', 2250000, '0', '0', '0', '100', '1', 'C00006', 'https://vangchat.com.vn/wp-content/uploads/2021/08/ruou-vang-champagne-nicolas-feuillatte-reserve-exclusive-blue.jpg'),
('P00140    ', 'Rượu Champagne Drappier Brut Carte d’Or                                                             ', '', 1480000, '0                                                                                                   ', '0                                                                                                   ', '0                                                                                                   ', '100                                                                                                 ', '0', 'C00008                                                                                              ', 'https://vangchat.com.vn/wp-content/uploads/2021/08/ruou-champagne-drappier-brut-carte-dor.jpg                                                                                                                                                                                                                                                                                                                                                                                                                                                                                                                                                                                                                                                                                                                                                                                                                                                                                                                                           ');

-- --------------------------------------------------------

--
-- Table structure for table `productcombo`
--

CREATE TABLE `productcombo` (
  `ProductComboId` int(11) NOT NULL,
  `Descript` int(11) NOT NULL,
  `ProductLinkNum` int(11) NOT NULL,
  `IsActive` int(11) NOT NULL
) ENGINE=InnoDB DEFAULT CHARSET=utf8mb4 COLLATE=utf8mb4_general_ci;

-- --------------------------------------------------------

--
-- Table structure for table `taxinfo`
--

CREATE TABLE `taxinfo` (
  `TaxId` varchar(10) DEFAULT NULL,
  `TaxDes` varchar(100) DEFAULT NULL,
  `TaxRate` varchar(100) DEFAULT NULL,
  `IsActive` int(1) NOT NULL
) ENGINE=InnoDB DEFAULT CHARSET=utf8 COLLATE=utf8_general_ci;

--
-- Dumping data for table `taxinfo`
--

INSERT INTO `taxinfo` (`TaxId`, `TaxDes`, `TaxRate`, `IsActive`) VALUES
('T01', 'VAT', '10', 1),
('T02', 'SVC', '5', 0);

-- --------------------------------------------------------

--
-- Table structure for table `transactdetail`
--

CREATE TABLE `transactdetail` (
  `TransactDetailId` varchar(100) DEFAULT NULL,
  `ProductNum` varchar(100) DEFAULT NULL,
  `CostEach` varchar(1000) DEFAULT NULL,
  `Tax1` varchar(1) DEFAULT NULL,
  `Tax2` varchar(1) DEFAULT NULL,
  `Tax3` varchar(1) DEFAULT NULL,
  `Total` varchar(1000) DEFAULT NULL,
  `Quan` int(255) DEFAULT NULL,
  `Status` varchar(1) DEFAULT NULL,
  `TransactId` varchar(100) DEFAULT NULL
) ENGINE=InnoDB DEFAULT CHARSET=utf8 COLLATE=utf8_general_ci;

--
-- Dumping data for table `transactdetail`
--

INSERT INTO `transactdetail` (`TransactDetailId`, `ProductNum`, `CostEach`, `Tax1`, `Tax2`, `Tax3`, `Total`, `Quan`, `Status`, `TransactId`) VALUES
('TD00001                                                                                             ', 'P00001                                                                                              ', '2150000.00', '0', '0', '0', '2150000   ', 1, '1', 'TS00001                                                                                             '),
('TD00002                                                                                             ', 'P00006                                                                                              ', '3300000.00', '0', '0', '0', '3300000   ', 1, '1', 'TS00002                                                                                             '),
('TD00003                                                                                             ', 'P00007                                                                                              ', '1200000.00', '0', '0', '0', '2400000   ', 2, '1', 'TS00002                                                                                             '),
('TD00004                                                                                             ', 'P00008                                                                                              ', '650000.00', '0', '0', '0', '1950000   ', 3, '1', 'TS00002                                                                                             '),
('TS00005', 'P00001', '2150000', NULL, NULL, NULL, '4300000', 2, '0', 'TS00003'),
('TS00006', 'P00001', '2150000', NULL, NULL, NULL, '2150000', 1, '0', 'TS00004'),
('TS00007', 'P00002', '425000', NULL, NULL, NULL, '425000', 1, '0', 'TS00004'),
('TS00008', 'P00003', '155000', NULL, NULL, NULL, '155000', 1, '0', 'TS00004'),
('TS00009', 'P00001', '2150000', NULL, NULL, NULL, '2150000', 1, '0', 'TS00005'),
('TS00010', 'P00002', '425000', NULL, NULL, NULL, '425000', 1, '0', 'TS00005'),
('TS00011', 'P00003', '155000', NULL, NULL, NULL, '155000', 1, '0', 'TS00005'),
('TS00012', 'P00001', '2150000', NULL, NULL, NULL, '2150000', 1, '0', 'TS00006'),
('TS00013', 'P00011', '1500000', NULL, NULL, NULL, '1500000', 1, '0', 'TS00006'),
('TS00014', 'P00004', '4500000', NULL, NULL, NULL, '4500000', 1, '0', 'TS00006'),
('TS00015', 'P00001', '2150000', NULL, NULL, NULL, '2150000', 1, '0', 'TS00007'),
('TS00016', 'P00002', '425000', NULL, NULL, NULL, '425000', 1, '0', 'TS00007'),
('TS00017', 'P00003', '155000', NULL, NULL, NULL, '155000', 1, '0', 'TS00007'),
('TS00018', 'P00001', '2150000', NULL, NULL, NULL, '2150000', 1, '0', 'TS00008'),
('TS00019', 'P00005', '2180000', NULL, NULL, NULL, '13080000', 6, '0', 'TS00008'),
('TS00020', 'P00001', '2150000', NULL, NULL, NULL, '21500000', 10, '0', 'TS00009'),
('TD00021', 'P00001', '2150000', '0', '0', '0', '4300000', 2, '0', 'TS00010'),
('TD00023', 'P00001', '2150000', '0', '0', '0', '2150000', 1, '0', 'TS00011'),
('TD00024', 'P00002', '425000', '0', '0', '0', '425000', 1, '0', 'TS00011'),
('TD00025', 'P00001', '2150000', '0', '0', '0', '2150000', 1, '0', 'TS00012'),
('TD00026', 'P00002', '425000', '0', '0', '0', '425000', 1, '0', 'TS00012'),
('TD00026', 'P00001', '2150000', '0', '0', '0', '2150000', 1, '0', 'TS00013'),
('TD00027', 'P00001', '2150000', '0', '0', '0', '2150000', 1, '0', 'TS00014'),
('TD00028', 'P00002', '425000', '0', '0', '0', '425000', 1, '0', 'TS00014'),
('TD00029', 'P00001', '2150000', '0', '0', '0', '4300000', 2, '0', 'TS00015'),
('TD00030', 'P00001', '2150000', '0', '0', '0', '2150000', 2, '0', 'TS00016'),
('TD00031', 'P00002', '425000', '0', '0', '0', '850000', 2, '0', 'TS00010'),
('TD00032', 'P00001', '2150000', '0', '0', '0', '2150000', 1, '0', 'TS00017'),
('TD00033', 'P00009', '650000', '0', '0', '0', '650000', 1, '0', 'TS00018'),
('TD00034', 'P00007', '1200000', '0', '0', '0', '1200000', 1, '0', 'TS00019'),
('TD00035', 'P00001', '2150000', '0', '0', '0', '2150000', 1, '0', 'TS00020'),
('TD00036', 'P00001', '2150000', '0', '0', '0', '2150000', 1, '0', 'TS00021'),
('TD00037', 'P00004', '4500000', '0', '0', '0', '4500000', 1, '0', 'TS00021'),
('TD00038', 'P00001', '2150000', '0', '0', '0', '2150000', 2, '0', 'TS00022'),
('TD00039', 'P00101', '660000', '0', '0', '0', '660000', 1, '0', 'TS00023');

-- --------------------------------------------------------

--
-- Table structure for table `transactheader`
--

CREATE TABLE `transactheader` (
  `TransactId` varchar(100) DEFAULT NULL,
  `Net` varchar(1000) DEFAULT NULL,
  `Tax1` varchar(1) DEFAULT NULL,
  `Tax2` varchar(1) DEFAULT NULL,
  `Tax3` varchar(1) DEFAULT NULL,
  `Total` varchar(1000) DEFAULT NULL,
  `TimePayment` datetime(6) DEFAULT NULL,
  `WhoPay` varchar(1000) DEFAULT NULL,
  `Status` varchar(1) DEFAULT NULL,
  `refundReason` text NOT NULL
) ENGINE=InnoDB DEFAULT CHARSET=utf8 COLLATE=utf8_general_ci;

--
-- Dumping data for table `transactheader`
--

INSERT INTO `transactheader` (`TransactId`, `Net`, `Tax1`, `Tax2`, `Tax3`, `Total`, `TimePayment`, `WhoPay`, `Status`, `refundReason`) VALUES
('TS00001                                                                                             ', '2150000', '0', '0', '0', '2150000.00', '2023-03-15 12:11:00.000000', 'ead69db2f1cc86d93256fe21cd9f2e42478bf5a401908237503990a5202cf37c                                                                                                                                                                                                                                                                                                                                                                                                                                                                                                                                                                                                                                                                                                                                                                                                                                                                                                                                                                        ', '4', ''),
('TS00002                                                                                             ', '7650000', '0', '0', '0', '7650000.00', '2023-03-14 07:55:00.000000', 'c83ac042db46f55e705d274a17316f030b8a5ea7742abc101b8ab854502438f3                                                                                                                                                                                                                                                                                                                                                                                                                                                                                                                                                                                                                                                                                                                                                                                                                                                                                                                                                                        ', '2', ''),
('TS00003', '4300000', NULL, NULL, NULL, '4300000', '2023-05-01 17:20:26.000000', 'c83ac042db46f55e705d274a17316f030b8a5ea7742abc101b8ab854502438f3', '2', ''),
('TS00004', '2730000', NULL, NULL, NULL, '2730000', '2023-05-02 13:05:16.000000', 'c83ac042db46f55e705d274a17316f030b8a5ea7742abc101b8ab854502438f3', '4', ''),
('TS00005', '2730000', NULL, NULL, NULL, '2730000', '2023-05-02 13:31:17.000000', '51af7f11e1a1576bd332d7596aca2cee663821788b3de50059a6834fb31c2e95', '4', ''),
('TS00006', '8150000', NULL, NULL, NULL, '8150000', '2023-05-02 13:43:16.000000', '9a3473b654a844f074bfed270095e992c9962e813c256f36fc663b502b5eae67', '2', ''),
('TS00007', '2730000', NULL, NULL, NULL, '2730000', '2023-05-02 15:02:52.000000', '9a3473b654a844f074bfed270095e992c9962e813c256f36fc663b502b5eae67', '2', ''),
('TS00008', '15230000', NULL, NULL, NULL, '15230000', '2023-05-02 15:10:10.000000', '9a3473b654a844f074bfed270095e992c9962e813c256f36fc663b502b5eae67', '2', ''),
('TS00009', '21500000', NULL, NULL, NULL, '21500000', '2023-05-02 15:12:51.000000', '9a3473b654a844f074bfed270095e992c9962e813c256f36fc663b502b5eae67', '2', ''),
('TS00010', '5150000', NULL, NULL, NULL, '5150000', '2023-05-17 13:21:05.000000', 'c83ac042db46f55e705d274a17316f030b8a5ea7742abc101b8ab854502438f3', '4', ''),
('TS00011', '2575000', NULL, NULL, NULL, '2575000', '2023-05-07 19:09:28.000000', '9a3473b654a844f074bfed270095e992c9962e813c256f36fc663b502b5eae67', '4', ''),
('TS00012', '2575000', NULL, NULL, NULL, '2575000', '2023-05-07 20:29:01.000000', '9a3473b654a844f074bfed270095e992c9962e813c256f36fc663b502b5eae67', '4', ''),
('TS00013', '2150000', NULL, NULL, NULL, '2150000', '2023-05-10 09:02:21.000000', '9a3473b654a844f074bfed270095e992c9962e813c256f36fc663b502b5eae67', '4', ''),
('TS00014', '2575000', NULL, NULL, NULL, '2575000', '2023-05-10 11:33:10.000000', '9a3473b654a844f074bfed270095e992c9962e813c256f36fc663b502b5eae67', '', ''),
('TS00015', '4300000', NULL, NULL, NULL, '4300000', '2023-05-10 14:55:58.000000', '9a3473b654a844f074bfed270095e992c9962e813c256f36fc663b502b5eae67', '4', ''),
('TS00016', '4300000', NULL, NULL, NULL, '4300000', NULL, '9a3473b654a844f074bfed270095e992c9962e813c256f36fc663b502b5eae67', '0', ''),
('TS00017', '2150000', NULL, NULL, NULL, '2150000', '2023-05-17 13:21:10.000000', 'c83ac042db46f55e705d274a17316f030b8a5ea7742abc101b8ab854502438f3', '4', ''),
('TS00018', '650000', NULL, NULL, NULL, '650000', '2023-05-17 13:21:16.000000', 'c83ac042db46f55e705d274a17316f030b8a5ea7742abc101b8ab854502438f3', '4', ''),
('TS00019', '1200000', NULL, NULL, NULL, '1200000', '2023-05-17 13:21:22.000000', 'c83ac042db46f55e705d274a17316f030b8a5ea7742abc101b8ab854502438f3', '4', ''),
('TS00020', '2150000', NULL, NULL, NULL, '2150000', '2023-05-17 13:27:40.000000', 'c83ac042db46f55e705d274a17316f030b8a5ea7742abc101b8ab854502438f3', '4', 'wálfml;á'),
('TS00021', '6650000', NULL, NULL, NULL, '6650000', '2023-05-17 14:20:24.000000', 'c83ac042db46f55e705d274a17316f030b8a5ea7742abc101b8ab854502438f3', '3', ''),
('TS00022', '4300000', NULL, NULL, NULL, '4300000', '2023-09-18 10:35:33.000000', 'c83ac042db46f55e705d274a17316f030b8a5ea7742abc101b8ab854502438f3', '3', ''),
('TS00023', '660000', NULL, NULL, NULL, '660000', NULL, 'c83ac042db46f55e705d274a17316f030b8a5ea7742abc101b8ab854502438f3', '0', '');

-- --------------------------------------------------------

--
-- Table structure for table `useraccount`
--

CREATE TABLE `useraccount` (
  `UserId` varchar(1000) NOT NULL,
  `UserName` varchar(1000) NOT NULL,
  `UserPassword` varchar(100) NOT NULL,
  `AccessLevel` int(100) NOT NULL,
  `TotalCash` int(255) NOT NULL,
  `IsActive` varchar(1) NOT NULL,
  `Email` varchar(1000) NOT NULL,
  `Address` varchar(1000) NOT NULL
) ENGINE=InnoDB DEFAULT CHARSET=utf8mb4 COLLATE=utf8mb4_general_ci;

--
-- Dumping data for table `useraccount`
--

INSERT INTO `useraccount` (`UserId`, `UserName`, `UserPassword`, `AccessLevel`, `TotalCash`, `IsActive`, `Email`, `Address`) VALUES
('ead69db2f1cc86d93256fe21cd9f2e42478bf5a401908237503990a5202cf37c', 'Admin', 'Admin123@', 100, 100, '1', 'admin100@gmail.com', ''),
('c83ac042db46f55e705d274a17316f030b8a5ea7742abc101b8ab854502438f3', 'Client', 'Client123@', 50, 821111, '0', 'client@gmail.com', 'VN'),
('31b5a646c0c6e15f62b65db87f13dd928c9c26719c3a5ba4017f51aadb6c8f1b', 'Nguyen Van A', '12312', 50, 300000, '1', 'nguyenan5014@gmail.com', 'VN'),
('c200790e915e117a9028bec5a7af358a0e3f6f799c445a1019904a1f1a43cd17', 'Nguyen Van B', '123', 50, 700000, '1', 'nguyenquocan841@gmail.com', 'VN'),
('4da9b5252f9e7f6b5d521623c225abe286f289655b6c2cc6976f93aa9cac74d5', 'Nhân viên cửa hàng 2', 'nv123@', 100, 0, '1', 'admin@gmail.com', 'cửa hàng 2 VN'),
('f5b681ca1fb346fdf4448e9cf3bcd828277b9e585d67b55abbbe4c5938346a0e', 'Nhan vien 1', '123123', 100, 0, '1', 'admin@gmail.com', 'cửa hàng 2'),
('51af7f11e1a1576bd332d7596aca2cee663821788b3de50059a6834fb31c2e95', 'avc', '123123', 50, 1500000, '1', 'avc@gmail.com', ''),
('9a3473b654a844f074bfed270095e992c9962e813c256f36fc663b502b5eae67', 'vip', '123123', 50, 978500000, '1', 'vip@gmail.com', '273 An Dương Vương, Phường 3, Quận 5 Ho Chi Minh City, Vietnam 70000 Ho Chi Minh City '),
('7389a3481aff0965fc023ac9fa755b8f02a92290e1b1d03ac74e0331169be509', 'aaaaaaaaaaaaaaaaaaaaaaaaaaaaaaaaa', '1231', 50, 300000, '1', 'client123@gmail.com', 'Vn'),
('c9172b8484f8b8235749a8ca88c95352e11fa1733bc8aac56e5cea5e8f7d4c65', 'KhachHang1', 'Kh@123123', 50, 0, '1', 'khachhang1@gmail.com', 'VN'),
('4d28abc06f99b18c6ab426d78cb3b7ae28083badb4b48423dc3434897086546d', 'Nhân viên 10', '123123', 100, 0, '1', 'admin10@gmail.com', 'VN');
COMMIT;

/*!40101 SET CHARACTER_SET_CLIENT=@OLD_CHARACTER_SET_CLIENT */;
/*!40101 SET CHARACTER_SET_RESULTS=@OLD_CHARACTER_SET_RESULTS */;
/*!40101 SET COLLATION_CONNECTION=@OLD_COLLATION_CONNECTION */;
